{
    "1": {
        "idf1": 29.448853602238167,
        "idf2": 25.64219111246785,
        "idf3": 24.90025376773847,
        "idf4": 28.06255924111828,
        "idf5": 20.577839535866104,
        "idf6": 17.445876812718424
    },
    "2": {
        "idf1": 4.428092001517128,
        "idf2": 5.585544790208171,
        "idf3": 5.585544790208171,
        "idf4": 4.9389176252831195,
        "idf5": 2.43826261852698,
        "idf6": 2.1722990700298417
    },
    "3": {
        "idf1": 0,
        "idf2": 6.374002150572442,
        "idf3": 6.374002150572442,
        "idf4": 14.580585764893193,
        "idf5": 10.223876938203603,
        "idf6": 9.69023663667144
    },
    "4": {
        "idf1": 10.59160171832892,
        "idf2": 5.093068305110378,
        "idf3": 12.831385910083934,
        "idf4": 7.983440063006542,
        "idf5": 11.322489226871712,
        "idf6": 8.466350640617788
    },
    "5": {
        "idf1": 9.838017184375618,
        "idf2": 20.444062473175244,
        "idf3": 11.513016781992622,
        "idf4": 21.926949257258137,
        "idf5": 14.467257794152669,
        "idf6": 10.715512871263204
    },
    "6": {
        "idf1": 15.453329704920908,
        "idf2": 15.881917230449927,
        "idf3": 14.695771562379123,
        "idf4": 14.723712844579572,
        "idf5": 11.087580235619988,
        "idf6": 8.848844021732265
    },
    "7": {
        "idf1": 1.2080739720701508,
        "idf2": 17.387876095325907,
        "idf3": 17.249589079471814,
        "idf4": 2.181321687629479,
        "idf5": 15.204876508921034,
        "idf6": 12.241910180729162
    },
    "8": {
        "idf1": 0,
        "idf2": 6.884827774338432,
        "idf3": 6.597145701886651,
        "idf4": 7.290292882446597,
        "idf5": 5.2753898619043325,
        "idf6": 4.805386232658597
    },
    "9": {
        "idf1": 6.037529913951229,
        "idf2": 6.037529913951229,
        "idf3": 5.903998521326706,
        "idf4": 7.983440063006542,
        "idf5": 5.2108513407667605,
        "idf6": 4.319878416876896
    },
    "10": {
        "idf1": 7.983440063006542,
        "idf2": 0,
        "idf3": 0,
        "idf4": 0,
        "idf5": 13.481973476225084,
        "idf6": 13.401930768551548
    },
    "11": {
        "idf1": 11.917458726055454,
        "idf2": 11.832013750746327,
        "idf3": 11.107551673884458,
        "idf4": 11.86406765257176,
        "idf5": 14.993350890049449,
        "idf6": 12.251138625774404
    },
    "12": {
        "idf1": 0,
        "idf2": 7.983440063006542,
        "idf3": 7.983440063006542,
        "idf4": 0,
        "idf5": 9.637159220490387,
        "idf6": 9.525933585380162
    },
    "13": {
        "idf1": 13.769655548676864,
        "idf2": 13.664295033019037,
        "idf3": 11.872535563790983,
        "idf4": 12.63467561583788,
        "idf5": 9.818411830095439,
        "idf6": 8.425197026130974
    },
    "14": {
        "idf1": 6.374002150572442,
        "idf2": 19.855975626797523,
        "idf3": 20.03829718359148,
        "idf4": 13.481973476225084,
        "idf5": 18.692824816991845,
        "idf6": 15.425158827954212
    },
    "15": {
        "idf1": 15.966880126013084,
        "idf2": 17.55339053380348,
        "idf3": 17.55339053380348,
        "idf4": 0,
        "idf5": 10.586982772472624,
        "idf6": 13.393726505460737
    },
    "16": {
        "idf1": 7.983440063006542,
        "idf2": 13.481973476225084,
        "idf3": 12.788826295665139,
        "idf4": 14.17512065678503,
        "idf5": 11.777225383986657,
        "idf6": 9.926625414735671
    },
    "17": {
        "idf1": 28.589306761407947,
        "idf2": 30.268076172537544,
        "idf3": 28.39157951598503,
        "idf4": 27.816888265181703,
        "idf5": 29.353629908874144,
        "idf6": 23.4534813722656
    },
    "18": {
        "idf1": 11.959546940780612,
        "idf2": 12.922357688289662,
        "idf3": 12.922357688289662,
        "idf4": 6.374002150572442,
        "idf5": 11.054225240277031,
        "idf6": 8.471338182128829
    },
    "19": {
        "idf1": 7.290292882446597,
        "idf2": 13.327822796397825,
        "idf3": 13.481973476225084,
        "idf4": 21.059948431123463,
        "idf5": 14.226916698337263,
        "idf6": 13.297919678017696
    },
    "20": {
        "idf1": 10.629342046311766,
        "idf2": 12.56568274435093,
        "idf3": 12.278000671899147,
        "idf4": 0,
        "idf5": 11.82374539962155,
        "idf6": 8.648340577445182
    },
    "21": {
        "idf1": 7.983440063006542,
        "idf2": 7.983440063006542,
        "idf3": 7.983440063006542,
        "idf4": 0,
        "idf5": 6.884827774338432,
        "idf6": 6.191680593778488
    },
    "22": {
        "idf1": 6.884827774338432,
        "idf2": 5.786215485670323,
        "idf3": 5.680854970012496,
        "idf4": 6.037529913951229,
        "idf5": 11.31291977585556,
        "idf6": 11.069040326062172
    },
    "23": {
        "idf1": 14.17512065678503,
        "idf2": 13.769655548676864,
        "idf3": 12.229210507729716,
        "idf4": 14.580585764893193,
        "idf5": 9.360229939814868,
        "idf6": 8.500080650994482
    },
    "24": {
        "idf1": 6.884827774338432,
        "idf2": 7.290292882446597,
        "idf3": 7.290292882446597,
        "idf4": 7.290292882446597,
        "idf5": 5.498533413218542,
        "idf6": 4.9389176252831195
    },
    "25": {
        "idf1": 5.344382733391283,
        "idf2": 6.884827774338432,
        "idf3": 7.290292882446597,
        "idf4": 0,
        "idf5": 7.290292882446597,
        "idf6": 4.9389176252831195
    },
    "26": {
        "idf1": 23.59092044775471,
        "idf2": 25.51051328849265,
        "idf3": 25.51051328849265,
        "idf4": 27.09747834507469,
        "idf5": 20.07866452932009,
        "idf6": 15.905781887312981
    },
    "27": {
        "idf1": 21.1694101145255,
        "idf2": 20.583824415550403,
        "idf3": 20.291386719869053,
        "idf4": 24.522203964215002,
        "idf5": 15.862509069331804,
        "idf6": 12.206790635320095
    },
    "28": {
        "idf1": 7.983440063006542,
        "idf2": 14.357442213578985,
        "idf3": 13.769655548676866,
        "idf4": 6.884827774338432,
        "idf5": 9.726604280842315,
        "idf6": 8.988666383382386
    },
    "29": {
        "idf1": 0,
        "idf2": 4.616144233020068,
        "idf3": 4.616144233020068,
        "idf4": 0,
        "idf5": 0,
        "idf6": 3.9229970524601225
    },
    "30": {
        "idf1": 12.278000671899147,
        "idf2": 0,
        "idf3": 7.290292882446597,
        "idf4": 7.983440063006542,
        "idf5": 11.445091548964044,
        "idf6": 9.926625414735671
    },
    "31": {
        "idf1": 16.811453189074104,
        "idf2": 13.481973476225084,
        "idf3": 12.971147852459094,
        "idf4": 5.786215485670323,
        "idf5": 17.034596740388313,
        "idf6": 11.813469012531405
    },
    "32": {
        "idf1": 7.983440063006542,
        "idf2": 14.868267837344973,
        "idf3": 22.851707900351514,
        "idf4": 14.868267837344973,
        "idf5": 14.409238255131214,
        "idf6": 13.931719829382992
    },
    "33": {
        "idf1": 12.054857120584938,
        "idf2": 10.807824826798555,
        "idf3": 10.99014638359251,
        "idf4": 15.966880126013084,
        "idf5": 14.580585764893193,
        "idf6": 8.534396318095965
    },
    "34": {
        "idf1": 11.676420684864693,
        "idf2": 3.7937853209801164,
        "idf3": 11.762187506622118,
        "idf4": 3.778747443615576,
        "idf5": 9.49918139990873,
        "idf6": 7.040894036396008
    },
    "35": {
        "idf1": 28.938027978472178,
        "idf2": 18.826356209616367,
        "idf3": 18.73538443141064,
        "idf4": 19.325347375735355,
        "idf5": 23.89460286155293,
        "idf6": 20.323826050616034
    },
    "36": {
        "idf1": 13.664295033019037,
        "idf2": 10.842916146609825,
        "idf3": 10.751944368404098,
        "idf4": 11.341907312728814,